{
  "sample_sizes": [
    36,
    92,
    184
  ],
  "mean_val_losses": [
    1.1293627619743347,
    1.1090680360794067,
    1.1070924997329712
  ],
  "std_val_losses": [
    0.0,
    0.0,
    0.0
  ]
}